{
  "comment": "This file is used to help set default values when using the dotnet CLI extension Amazon.ElasticBeanstalk.Tools. For more information run \"dotnet eb --help\" from the project root.",
  "profile": "default",
  "region": "ca-central-1",
  "application": "Lab3MVC",
  "environment": "Lab3MVC-test",
  "cname": "lab3mvc-test",
  "solution-stack": "64bit Windows Server 2019 v2.7.2 running IIS 10.0",
  "environment-type": "SingleInstance",
  "instance-profile": "aws-elasticbeanstalk-ec2-role",
  "service-role": "aws-elasticbeanstalk-service-role",
  "health-check-url": "/",
  "instance-type": "t2.micro",
  "key-pair": "lab3keypair",
  "iis-website": "Default Web Site",
  "app-path": "/",
  "enable-xray": false
}